Method,Numeric Root,Closest Root,Iterations,Difference,Status
Bisection,0.800631154474,0.800631154473,35,0.000000000001522,Valid
Regula Falsi,0.800631154464,0.800631154473,28,0.000000000008369,Valid
Secant,0.800631154473,0.800631154473,14,0.000000000000000,Valid
Fixed-Point,0.800631154501,0.800631154473,17,0.000000000028520,Valid
Aitken,0.800631154466,0.800631154473,18,0.000000000006927,Valid
Steffensen,0.800631154473,0.800631154473,4,0.000000000000000,Valid
Newton,0.800631154473,0.800631154473,9,0.000000000000000,Valid
