Method,Numeric Root,Closest Root,Iterations,Difference,Status
Bisection,0.481211825041,0.481211825060,32,0.000000000018503,Valid
Regula Falsi,0.481211825176,0.481211825060,43,0.000000000116588,Valid
Secant,0.481211825060,0.481211825060,13,0.000000000000171,Valid
Fixed-Point,56.750942777356,0.481211825060,10,56.269730952295966,Invalid
Aitken,0.481211825060,0.481211825060,4,0.000000000000000,Valid
Steffensen,0.481211825060,0.481211825060,4,0.000000000000000,Valid
Newton,0.481211825060,0.481211825060,4,0.000000000000000,Valid
