iterasi,x0,x1,x2,f(x2)
1,0.000000000000,1.000000000000,0.845482144069,0.165861464398
2,1.000000000000,0.845482144069,-0.671393236589,-9.367315205266
3,0.845482144069,-0.671393236589,0.819091028005,0.160830925828
4,-0.671393236589,0.819091028005,0.793932307630,0.155317685016
5,0.819091028005,0.793932307630,0.085166929944,-0.699552752588
6,0.793932307630,0.085166929944,0.665159814350,0.113850146704
7,0.085166929944,0.665159814350,0.583979534523,0.073236242687
8,0.665159814350,0.583979534523,0.437592753474,-0.040267519360
9,0.583979534523,0.437592753474,0.489526120559,0.006997213618
10,0.437592753474,0.489526120559,0.481837748268,0.000534008186
11,0.489526120559,0.481837748268,0.481202513354,-0.000007953277
12,0.481837748268,0.481202513354,0.481211835418,0.000000008847
13,0.481202513354,0.481211835418,0.481211825060,0.000000000000
