Method,Numeric Root,Closest Root,Iterations,Difference,Status
Bisection,2.758392986841,2.758392986844,29,0.000000000002165,Valid
Regula Falsi,2.758392986844,2.758392986844,5,0.000000000000001,Valid
Secant,2.758392986843,2.758392986844,5,0.000000000000490,Valid
Fixed-Point,0.383199666731,0.383199666746,28,0.000000000015112,Valid
Aitken,0.383199666746,0.383199666746,8,0.000000000000000,Valid
Steffensen,0.383199666746,0.383199666746,4,0.000000000000000,Valid
Newton,2.758392986844,2.758392986844,4,0.000000000000000,Valid
